{
    "log": {
        "loglevel": "warning"
    },
    "inbounds": [
        {
            "listen": "0.0.0.0",
            "port": 11443,
            "protocol": "vless",
            "settings": {
                "clients": [
                    {
                        "id": "hiddify",
                        "flow": "xtls-rprx-vision"
                    }
                ],
                "decryption": "none"
            },
            "streamSettings": {
                "network": "tcp",
                "security": "reality",
                "realitySettings": {
                    "dest": "www.yahoo.com:443", 
                    "serverNames": [],
                    "privateKey": "2KZ4uouMKgI8nR-LDJNP1_MHisCJOmKGj9jUjZLncVU", 
                    "shortIds": [ "6ba85179e30d4fc2"]
                }
            },
            "sniffing": {
                "enabled": true,
                "destOverride": [
                    "http",
                    "tls",
                    "quic"
                ]
            }
        }
    ],
    "outbounds": [
        {
            "protocol": "freedom",
            "tag": "direct"
        }
    ]
}